tile_id,bm_patch,dmsp_patch,longitude,latitude,date,f_number,correlation,valid_fraction,dmsp_source_key
tile_014,Raw_NL_Data\bm\tile_014.tif,Raw_NL_Data\dmsp\tile_014.tif,41.3374999999115,35.895833333282994,2014-06-10,F15,0.2318299943932782,1.0,F152014/F15201406100011.night.OIS.vis.co.tif
tile_012,Raw_NL_Data\bm\tile_012.tif,Raw_NL_Data\dmsp\tile_012.tif,28.370833333250005,-16.570833333362685,2015-05-05,F15,0.488588892049703,1.0,F152015/F15201505050040.night.OIS.vis.co.tif
tile_027,Raw_NL_Data\bm\tile_027.tif,Raw_NL_Data\dmsp\tile_027.tif,81.7374999998953,36.86249999994927,2015-07-18,F15,0.40167520086144753,1.0,F152015/F15201507182134.night.OIS.vis.co.tif
tile_034,Raw_NL_Data\bm\tile_034.tif,Raw_NL_Data\dmsp\tile_034.tif,-5.62916666673641,13.56249999995859,2014-07-21,F15,0.062153962291797586,1.0,F152014/F15201407210250.night.OIS.vis.co.tif
tile_009,Raw_NL_Data\bm\tile_009.tif,Raw_NL_Data\dmsp\tile_009.tif,112.43749999988307,1.4291666666301097,2015-08-13,F15,0.035371615702615024,0.427436,F152015/F15201508131758.night.OIS.vis.co.tif
tile_007,Raw_NL_Data\bm\tile_007.tif,Raw_NL_Data\dmsp\tile_007.tif,115.90416666654835,56.96249999994124,2014-08-19,F15,0.016703375933833874,0.668544,F152014/F15201408192031.night.OIS.vis.co.tif
tile_019,Raw_NL_Data\bm\tile_019.tif,Raw_NL_Data\dmsp\tile_019.tif,46.837499999909284,47.8958333332782,2015-09-24,F15,0.00899540986165003,0.679036,F152015/F15201509240132.night.OIS.vis.co.tif
tile_015,Raw_NL_Data\bm\tile_015.tif,Raw_NL_Data\dmsp\tile_015.tif,-69.09583333337768,-33.304166666689326,2014-11-09,F15,0.0008043408575258699,0.428474,F152014/F15201411090519.night.OIS.vis.co.tif
tile_021,Raw_NL_Data\bm\tile_021.tif,Raw_NL_Data\dmsp\tile_021.tif,29.537499999916207,-15.770833333363015,2015-10-28,F15,0.07640863397187395,0.992792,F152015/F15201510280050.night.OIS.vis.co.tif
tile_010,Raw_NL_Data\bm\tile_010.tif,Raw_NL_Data\dmsp\tile_010.tif,-97.19583333336645,39.96249999994804,2013-08-21,F15,0.40131769263067313,1.0,F152013/F15201308210946.night.OIS.vis.co.tif
tile_001,Raw_NL_Data\bm\tile_001.tif,Raw_NL_Data\dmsp\tile_001.tif,-72.79583333337621,-42.97083333335213,2013-08-11,F15,0.015094982294340902,1.0,F152013/F15201308110720.night.OIS.vis.co.tif
tile_035,Raw_NL_Data\bm\tile_035.tif,Raw_NL_Data\dmsp\tile_035.tif,114.03749999988241,35.895833333282994,2015-06-17,F15,0.49258596071003574,1.0,F152015/F15201506171943.night.OIS.vis.co.tif
tile_016,Raw_NL_Data\bm\tile_016.tif,Raw_NL_Data\dmsp\tile_016.tif,-40.99583333338893,-8.270833333366014,2014-12-19,F15,0.10534154850708408,1.0,F152014/F15201412190448.night.OIS.vis.co.tif
tile_018,Raw_NL_Data\bm\tile_018.tif,Raw_NL_Data\dmsp\tile_018.tif,46.17083333324288,-22.437500000027015,2013-07-28,F18,0.010801310462734925,0.96413,F182013/F18201307281744.night.OIS.vis.co.tif
tile_029,Raw_NL_Data\bm\tile_029.tif,Raw_NL_Data\dmsp\tile_029.tif,16.23749999992151,9.695833333293464,2014-11-24,F15,0.04914108899160187,1.0,F152014/F15201411240118.night.OIS.vis.co.tif
tile_011,Raw_NL_Data\bm\tile_011.tif,Raw_NL_Data\dmsp\tile_011.tif,28.30416666658337,-29.537500000024167,2014-02-06,F15,0.4316694092819518,1.0,F152014/F15201402060035.night.OIS.vis.co.tif
tile_004,Raw_NL_Data\bm\tile_004.tif,Raw_NL_Data\dmsp\tile_004.tif,-106.46250000002941,63.42916666660531,2012-04-02,F18,-0.14794634218516975,0.576532,F182012/F18201204020234.night.OIS.vis.co.tif
tile_008,Raw_NL_Data\bm\tile_008.tif,Raw_NL_Data\dmsp\tile_008.tif,-58.52916666671524,52.32916666660975,2016-09-08,F15,0.14136700082650586,1.0,F152016/F15201609080606.night.OIS.vis.co.tif
tile_005,Raw_NL_Data\bm\tile_005.tif,Raw_NL_Data\dmsp\tile_005.tif,151.5041666665341,66.0624999999376,2013-03-03,F15,0.11507113417373069,0.30632,F152013/F15201303032227.night.OIS.vis.co.tif
tile_006,Raw_NL_Data\bm\tile_006.tif,Raw_NL_Data\dmsp\tile_006.tif,104.80416666655276,55.82916666660836,2017-12-22,F15,0.31429676515191934,0.240212,F152017/F15201712222226.night.OIS.vis.co.tif
tile_002,Raw_NL_Data\bm\tile_002.tif,Raw_NL_Data\dmsp\tile_002.tif,-115.32916666669253,70.69583333326908,2013-11-13,F15,0.267236174802649,1.0,F152013/F15201311131614.night.OIS.vis.co.tif
tile_020,Raw_NL_Data\bm\tile_020.tif,Raw_NL_Data\dmsp\tile_020.tif,13.204166666589401,14.395833333291591,2012-11-02,F18,0.06476272304664675,1.0,F182012/F18201211021833.night.OIS.vis.co.tif
tile_013,Raw_NL_Data\bm\tile_013.tif,Raw_NL_Data\dmsp\tile_013.tif,19.704166666586815,-2.7041666667015676,2013-04-28,F15,0.15076757081566597,1.0,F152013/F15201304280105.night.OIS.vis.co.tif
tile_045,Raw_NL_Data\bm\tile_045.tif,Raw_NL_Data\dmsp\tile_045.tif,115.73749999988172,25.729166666620394,2015-12-16,F15,0.43409963673106866,1.0,F152015/F15201512161810.night.OIS.vis.co.tif
tile_033,Raw_NL_Data\bm\tile_033.tif,Raw_NL_Data\dmsp\tile_033.tif,-4.429166666736876,38.66249999994855,2015-05-27,F15,0.28035981803793075,1.0,F152015/F15201505270317.night.OIS.vis.co.tif
tile_023,Raw_NL_Data\bm\tile_023.tif,Raw_NL_Data\dmsp\tile_023.tif,-37.96250000005679,-4.8041666667007235,2013-05-01,F18,-0.0016489536203637145,1.0,F182013/F18201305012213.night.OIS.vis.co.tif
tile_030,Raw_NL_Data\bm\tile_030.tif,Raw_NL_Data\dmsp\tile_030.tif,14.904166666588736,59.5624999999402,2016-01-13,F15,0.395162505433797,1.0,F152016/F15201601130353.night.OIS.vis.co.tif
tile_043,Raw_NL_Data\bm\tile_043.tif,Raw_NL_Data\dmsp\tile_043.tif,77.33749999989709,16.762499999957313,2012-08-07,F18,0.02718951954471073,1.0,F182012/F18201208071359.night.OIS.vis.co.tif
tile_044,Raw_NL_Data\bm\tile_044.tif,Raw_NL_Data\dmsp\tile_044.tif,105.77083333321906,15.195833333291276,2017-06-28,F15,0.35378340441603745,1.0,F152017/F15201706281914.night.OIS.vis.co.tif
tile_024,Raw_NL_Data\bm\tile_024.tif,Raw_NL_Data\dmsp\tile_024.tif,19.60416666658685,50.562499999943796,2016-05-02,F15,0.6643053676220745,1.0,F152016/F15201605020145.night.OIS.vis.co.tif
tile_032,Raw_NL_Data\bm\tile_032.tif,Raw_NL_Data\dmsp\tile_032.tif,81.20416666656223,17.462499999957032,2013-09-09,F15,0.0657250436106458,1.0,F152013/F15201309092140.night.OIS.vis.co.tif
tile_039,Raw_NL_Data\bm\tile_039.tif,Raw_NL_Data\dmsp\tile_039.tif,-74.19583333337565,-13.537500000030576,2017-03-05,F16,0.00047640592617906324,1.0,F162017/F16201703050733.night.OIS.vis.co.tif
tile_046,Raw_NL_Data\bm\tile_046.tif,Raw_NL_Data\dmsp\tile_046.tif,72.03749999989921,23.79583333328783,2015-10-01,F15,0.3926936044899682,1.0,F152015/F15201510012141.night.OIS.vis.co.tif
tile_042,Raw_NL_Data\bm\tile_042.tif,Raw_NL_Data\dmsp\tile_042.tif,-76.39583333337477,43.329166666613354,2016-11-23,F16,0.6116225037089297,1.0,F162016/F16201611230929.night.OIS.vis.co.tif
tile_025,Raw_NL_Data\bm\tile_025.tif,Raw_NL_Data\dmsp\tile_025.tif,-9.662500000068121,10.395833333293197,2012-08-31,F15,0.030944737104639203,1.0,F152012/F15201208310450.night.OIS.vis.co.tif
tile_052,Raw_NL_Data\bm\tile_052.tif,Raw_NL_Data\dmsp\tile_052.tif,75.47083333323118,23.595833333287914,2012-06-04,F18,0.38221864704408365,0.847896,F182012/F18201206041507.night.OIS.vis.co.tif
tile_051,Raw_NL_Data\bm\tile_051.tif,Raw_NL_Data\dmsp\tile_051.tif,76.57083333323072,27.39583333328639,2016-08-10,F16,0.5087683557579975,1.0,F162016/F16201608102245.night.OIS.vis.co.tif
tile_028,Raw_NL_Data\bm\tile_028.tif,Raw_NL_Data\dmsp\tile_028.tif,37.27083333324646,50.662499999943755,2013-01-22,F15,0.33378984180518084,1.0,F152013/F15201301220040.night.OIS.vis.co.tif
tile_022,Raw_NL_Data\bm\tile_022.tif,Raw_NL_Data\dmsp\tile_022.tif,31.20416666658221,-11.337500000031454,2012-03-08,F15,0.009127156304172006,1.0,F152012/F15201203080145.night.OIS.vis.co.tif
tile_054,Raw_NL_Data\bm\tile_054.tif,Raw_NL_Data\dmsp\tile_054.tif,30.004166666582677,-22.30416666669373,2014-11-09,F15,0.17314721839073718,1.0,F152014/F15201411092358.night.OIS.vis.co.tif
tile_040,Raw_NL_Data\bm\tile_040.tif,Raw_NL_Data\dmsp\tile_040.tif,41.904166666577936,43.96249999994644,2013-03-24,F18,0.08470370784298846,1.0,F182013/F18201303241630.night.OIS.vis.co.tif
tile_053,Raw_NL_Data\bm\tile_053.tif,Raw_NL_Data\dmsp\tile_053.tif,76.40416666656415,20.39583333328919,2014-05-09,F15,-0.08239220574429422,1.0,F152014/F15201405092212.night.OIS.vis.co.tif
tile_031,Raw_NL_Data\bm\tile_031.tif,Raw_NL_Data\dmsp\tile_031.tif,-52.06250000005116,-28.404166666691296,2012-11-25,F15,0.1624580116172525,1.0,F152012/F15201211250544.night.OIS.vis.co.tif
tile_037,Raw_NL_Data\bm\tile_037.tif,Raw_NL_Data\dmsp\tile_037.tif,26.137499999917566,48.095833333278115,2012-01-31,F15,0.4353615968876442,1.0,F152012/F15201201310252.night.OIS.vis.co.tif
tile_063,Raw_NL_Data\bm\tile_063.tif,Raw_NL_Data\dmsp\tile_063.tif,87.13749999989318,26.46249999995343,2012-06-21,F15,0.16417284917582525,1.0,F152012/F15201206212153.night.OIS.vis.co.tif
tile_056,Raw_NL_Data\bm\tile_056.tif,Raw_NL_Data\dmsp\tile_056.tif,112.53749999988304,29.662499999952153,2014-11-10,F15,0.24394519734060924,1.0,F152014/F15201411101837.night.OIS.vis.co.tif
tile_055,Raw_NL_Data\bm\tile_055.tif,Raw_NL_Data\dmsp\tile_055.tif,100.13749999988795,14.129166666625025,2015-02-07,F15,0.6903968280055263,1.0,F152015/F15201502072020.night.OIS.vis.co.tif
tile_059,Raw_NL_Data\bm\tile_059.tif,Raw_NL_Data\dmsp\tile_059.tif,66.43749999990146,39.96249999994804,2015-03-28,F15,0.006741278356600648,1.0,F152015/F15201503282237.night.OIS.vis.co.tif
tile_049,Raw_NL_Data\bm\tile_049.tif,Raw_NL_Data\dmsp\tile_049.tif,17.070833333254512,40.829166666614356,2012-02-20,F15,0.41212412445766533,1.0,F152012/F15201202200246.night.OIS.vis.co.tif
tile_061,Raw_NL_Data\bm\tile_061.tif,Raw_NL_Data\dmsp\tile_061.tif,116.60416666654805,32.66249999995095,2017-05-29,F16,0.4606932586907649,1.0,F162017/F16201705291937.night.OIS.vis.co.tif
tile_041,Raw_NL_Data\bm\tile_041.tif,Raw_NL_Data\dmsp\tile_041.tif,33.537499999914616,0.12916666663062415,2013-04-07,F15,0.19986166147645115,1.0,F152013/F15201304070128.night.OIS.vis.co.tif
tile_048,Raw_NL_Data\bm\tile_048.tif,Raw_NL_Data\dmsp\tile_048.tif,83.7041666665612,19.162499999956353,2017-06-05,F15,0.08126736641122573,1.0,F152017/F15201706052200.night.OIS.vis.co.tif
tile_036,Raw_NL_Data\bm\tile_036.tif,Raw_NL_Data\dmsp\tile_036.tif,-77.9625000000408,-10.53750000003177,2014-08-21,F15,0.10581533233700958,1.0,F152014/F15201408210807.night.OIS.vis.co.tif
tile_038,Raw_NL_Data\bm\tile_038.tif,Raw_NL_Data\dmsp\tile_038.tif,1.7374999999273086,49.99583333327735,2016-03-30,F16,0.5869158508004573,1.0,F162016/F16201603300426.night.OIS.vis.co.tif
tile_072,Raw_NL_Data\bm\tile_072.tif,Raw_NL_Data\dmsp\tile_072.tif,-117.09583333335848,32.69583333328428,2012-07-16,F15,0.7611598997178742,1.0,F152012/F15201207161154.night.OIS.vis.co.tif
tile_060,Raw_NL_Data\bm\tile_060.tif,Raw_NL_Data\dmsp\tile_060.tif,9.770833333257457,45.195833333279275,2017-09-09,F16,0.4981070398054777,1.0,F162017/F16201709090338.night.OIS.vis.co.tif
tile_047,Raw_NL_Data\bm\tile_047.tif,Raw_NL_Data\dmsp\tile_047.tif,11.73749999992333,46.562499999945395,2017-02-02,F15,0.5657611238188494,1.0,F152017/F15201702020210.night.OIS.vis.co.tif
tile_057,Raw_NL_Data\bm\tile_057.tif,Raw_NL_Data\dmsp\tile_057.tif,115.77083333321508,28.429166666619317,2016-12-14,F16,0.10363878394712112,1.0,F162016/F16201612142008.night.OIS.vis.co.tif
tile_065,Raw_NL_Data\bm\tile_065.tif,Raw_NL_Data\dmsp\tile_065.tif,79.43749999989626,12.562499999958987,2015-02-28,F15,0.035510953972584636,1.0,F152015/F15201502282133.night.OIS.vis.co.tif
tile_073,Raw_NL_Data\bm\tile_073.tif,Raw_NL_Data\dmsp\tile_073.tif,74.17083333323168,17.29583333329043,2012-03-15,F15,0.02541361852506761,0.316618,F152012/F15201203152159.night.OIS.vis.co.tif
tile_067,Raw_NL_Data\bm\tile_067.tif,Raw_NL_Data\dmsp\tile_067.tif,104.27083333321963,1.3624999999634753,2012-02-18,F15,0.5988085098610857,1.0,F152012/F15201202182014.night.OIS.vis.co.tif
tile_058,Raw_NL_Data\bm\tile_058.tif,Raw_NL_Data\dmsp\tile_058.tif,109.73749999988411,34.929166666616716,2012-11-26,F15,0.6173793060383127,1.0,F152012/F15201211262043.night.OIS.vis.co.tif
tile_081,Raw_NL_Data\bm\tile_081.tif,Raw_NL_Data\dmsp\tile_081.tif,6.570833333258719,12.595833333292305,2013-07-05,F18,0.4004387698216297,1.0,F182013/F18201307051902.night.OIS.vis.co.tif
tile_068,Raw_NL_Data\bm\tile_068.tif,Raw_NL_Data\dmsp\tile_068.tif,2.9374999999268425,6.695833333294672,2013-02-26,F18,0.19590054713438018,0.737684,F182013/F18201302261831.night.OIS.vis.co.tif
tile_064,Raw_NL_Data\bm\tile_064.tif,Raw_NL_Data\dmsp\tile_064.tif,105.20416666655262,28.92916666661911,2017-11-14,F16,0.6915469731684235,1.0,F162017/F16201711142110.night.OIS.vis.co.tif
tile_076,Raw_NL_Data\bm\tile_076.tif,Raw_NL_Data\dmsp\tile_076.tif,137.0374999998732,35.029166666616675,2012-12-30,F18,0.43909759966011214,1.0,F182012/F18201212301008.night.OIS.vis.co.tif
tile_069,Raw_NL_Data\bm\tile_069.tif,Raw_NL_Data\dmsp\tile_069.tif,77.77083333323026,30.062499999951996,2012-09-18,F15,0.6867787420890459,1.0,F152012/F15201209182206.night.OIS.vis.co.tif
tile_079,Raw_NL_Data\bm\tile_079.tif,Raw_NL_Data\dmsp\tile_079.tif,-83.22916666670537,42.39583333328039,2016-09-24,F16,0.5792601716499605,1.0,F162016/F16201609240919.night.OIS.vis.co.tif
tile_062,Raw_NL_Data\bm\tile_062.tif,Raw_NL_Data\dmsp\tile_062.tif,111.53749999988344,-7.437500000033012,2017-10-23,F16,0.5204523690345658,1.0,F162017/F16201710231916.night.OIS.vis.co.tif
tile_066,Raw_NL_Data\bm\tile_066.tif,Raw_NL_Data\dmsp\tile_066.tif,116.07083333321492,38.529166666615275,2015-11-25,F15,0.5877638153117196,1.0,F152015/F15201511251843.night.OIS.vis.co.tif
tile_085,Raw_NL_Data\bm\tile_085.tif,Raw_NL_Data\dmsp\tile_085.tif,14.870833333255405,-5.23750000003389,2017-11-26,F16,0.5274707233681228,1.0,F162017/F16201711260131.night.OIS.vis.co.tif
tile_070,Raw_NL_Data\bm\tile_070.tif,Raw_NL_Data\dmsp\tile_070.tif,86.13749999989358,20.662499999955756,2012-03-14,F15,0.5815552995580354,1.0,F152012/F15201203142214.night.OIS.vis.co.tif
tile_050,Raw_NL_Data\bm\tile_050.tif,Raw_NL_Data\dmsp\tile_050.tif,110.40416666655051,30.095833333285313,2017-04-17,F16,0.5865565427485067,1.0,F162017/F16201704172018.night.OIS.vis.co.tif
tile_088,Raw_NL_Data\bm\tile_088.tif,Raw_NL_Data\dmsp\tile_088.tif,72.93749999989885,22.562499999954994,2015-09-30,F15,0.5692517935850259,1.0,F152015/F15201509302157.night.OIS.vis.co.tif
tile_086,Raw_NL_Data\bm\tile_086.tif,Raw_NL_Data\dmsp\tile_086.tif,-57.49583333338232,-25.23750000002589,2017-09-20,F15,0.02340283645841402,0.653748,F152017/F15201709200647.night.OIS.vis.co.tif
tile_099,Raw_NL_Data\bm\tile_099.tif,Raw_NL_Data\dmsp\tile_099.tif,67.10416666656786,24.82916666662075,2014-09-30,F15,0.0019671066651267286,1.0,F152014/F15201409302250.night.OIS.vis.co.tif
tile_090,Raw_NL_Data\bm\tile_090.tif,Raw_NL_Data\dmsp\tile_090.tif,120.1708333332133,35.962499999949635,2014-04-13,F15,0.125460714785257,0.235372,F152014/F15201404132034.night.OIS.vis.co.tif
tile_078,Raw_NL_Data\bm\tile_078.tif,Raw_NL_Data\dmsp\tile_078.tif,84.03749999989441,18.429166666623317,2012-05-23,F18,0.04333670865695678,1.0,F182012/F18201205231411.night.OIS.vis.co.tif
tile_084,Raw_NL_Data\bm\tile_084.tif,Raw_NL_Data\dmsp\tile_084.tif,108.80416666655117,-6.837500000033245,2012-06-11,F15,0.15664606091804248,0.61928,F152012/F15201206111925.night.OIS.vis.co.tif
tile_082,Raw_NL_Data\bm\tile_082.tif,Raw_NL_Data\dmsp\tile_082.tif,-118.39583333335797,34.095833333283714,2013-04-27,F15,0.5220695106333312,1.0,F152013/F15201304271131.night.OIS.vis.co.tif
tile_087,Raw_NL_Data\bm\tile_087.tif,Raw_NL_Data\dmsp\tile_087.tif,107.7041666665516,-6.937500000033211,2013-09-25,F18,-0.061785684161977286,1.0,F182013/F18201309251234.night.OIS.vis.co.tif
tile_071,Raw_NL_Data\bm\tile_071.tif,Raw_NL_Data\dmsp\tile_071.tif,80.0041666665627,6.462499999961437,2017-10-10,F16,0.10959719306407269,1.0,F162017/F16201710102211.night.OIS.vis.co.tif
tile_096,Raw_NL_Data\bm\tile_096.tif,Raw_NL_Data\dmsp\tile_096.tif,73.80416666656518,19.995833333289355,2014-11-21,F15,0.08414194704212609,1.0,F152014/F15201411212227.night.OIS.vis.co.tif
tile_080,Raw_NL_Data\bm\tile_080.tif,Raw_NL_Data\dmsp\tile_080.tif,7.937499999924853,5.895833333294988,2012-11-02,F18,0.1092812419032711,0.204252,F182012/F18201211022015.night.OIS.vis.co.tif
tile_094,Raw_NL_Data\bm\tile_094.tif,Raw_NL_Data\dmsp\tile_094.tif,139.6708333332055,35.629166666616435,2015-06-18,F15,-0.0037394631358483453,1.0,F152015/F15201506181745.night.OIS.vis.co.tif
tile_101,Raw_NL_Data\bm\tile_101.tif,Raw_NL_Data\dmsp\tile_101.tif,77.20416666656382,28.629166666619234,2015-06-06,F15,0.7256756368883177,1.0,F152015/F15201506062058.night.OIS.vis.co.tif
tile_074,Raw_NL_Data\bm\tile_074.tif,Raw_NL_Data\dmsp\tile_074.tif,70.63749999989977,40.12916666661464,2015-05-11,F15,0.5608908451375277,1.0,F152015/F15201505112249.night.OIS.vis.co.tif
tile_077,Raw_NL_Data\bm\tile_077.tif,Raw_NL_Data\dmsp\tile_077.tif,88.77083333322582,22.762499999954912,2013-04-13,F18,0.2529241705890336,1.0,F182013/F18201304131403.night.OIS.vis.co.tif
tile_095,Raw_NL_Data\bm\tile_095.tif,Raw_NL_Data\dmsp\tile_095.tif,108.93749999988444,34.22916666661699,2014-03-25,F15,0.714884758046502,1.0,F152014/F15201403252028.night.OIS.vis.co.tif
tile_075,Raw_NL_Data\bm\tile_075.tif,Raw_NL_Data\dmsp\tile_075.tif,31.604166666582046,30.529166666618472,2017-05-05,F16,0.5440986215016526,0.840808,F162017/F16201705050105.night.OIS.vis.co.tif
tile_098,Raw_NL_Data\bm\tile_098.tif,Raw_NL_Data\dmsp\tile_098.tif,100.53749999988781,13.795833333291839,2015-08-14,F15,0.5575865118434333,1.0,F152015/F15201508141923.night.OIS.vis.co.tif
tile_104,Raw_NL_Data\bm\tile_104.tif,Raw_NL_Data\dmsp\tile_104.tif,77.60416666656363,12.995833333292154,2012-02-18,F18,0.06100358861535198,1.0,F182012/F18201202181504.night.OIS.vis.co.tif
tile_083,Raw_NL_Data\bm\tile_083.tif,Raw_NL_Data\dmsp\tile_083.tif,39.170833333245696,51.66249999994336,2014-10-16,F15,0.012131073273419746,1.0,F152014/F15201410162337.night.OIS.vis.co.tif
tile_103,Raw_NL_Data\bm\tile_103.tif,Raw_NL_Data\dmsp\tile_103.tif,3.3374999999266777,6.529166666628072,2017-09-17,F16,0.18392877041443167,1.0,F162017/F16201709170333.night.OIS.vis.co.tif
tile_093,Raw_NL_Data\bm\tile_093.tif,Raw_NL_Data\dmsp\tile_093.tif,-10.795833333400992,6.295833333294837,2013-11-10,F18,0.036303122992630756,1.0,F182013/F18201311102016.night.OIS.vis.co.tif
tile_091,Raw_NL_Data\bm\tile_091.tif,Raw_NL_Data\dmsp\tile_091.tif,139.6374999998722,35.56249999994979,2013-09-05,F18,0.43717309163321316,1.0,F182013/F18201309050949.night.OIS.vis.co.tif
tile_102,Raw_NL_Data\bm\tile_102.tif,Raw_NL_Data\dmsp\tile_102.tif,90.37083333322522,23.72916666662119,2016-05-10,F15,0.38889588895513266,1.0,F152016/F15201605101958.night.OIS.vis.co.tif
tile_097,Raw_NL_Data\bm\tile_097.tif,Raw_NL_Data\dmsp\tile_097.tif,116.33749999988152,39.92916666661471,2012-11-10,F15,0.647051605537316,1.0,F152012/F15201211101952.night.OIS.vis.co.tif
tile_106,Raw_NL_Data\bm\tile_106.tif,Raw_NL_Data\dmsp\tile_106.tif,74.33749999989828,31.595833333284716,2015-10-02,F15,0.45892317182256076,1.0,F152015/F15201510022125.night.OIS.vis.co.tif
tile_100,Raw_NL_Data\bm\tile_100.tif,Raw_NL_Data\dmsp\tile_100.tif,108.90416666655113,34.262499999950315,2016-07-21,F15,0.2304537104013744,1.0,F152016/F15201607211919.night.OIS.vis.co.tif
tile_109,Raw_NL_Data\bm\tile_109.tif,Raw_NL_Data\dmsp\tile_109.tif,72.80416666656558,18.962499999956435,2012-07-10,F18,0.05366499988917752,1.0,F182012/F18201207101434.night.OIS.vis.co.tif
tile_107,Raw_NL_Data\bm\tile_107.tif,Raw_NL_Data\dmsp\tile_107.tif,31.237499999915514,30.062499999951996,2012-08-09,F15,0.5951322867596307,1.0,F152012/F15201208090211.night.OIS.vis.co.tif
tile_108,Raw_NL_Data\bm\tile_108.tif,Raw_NL_Data\dmsp\tile_108.tif,73.87083333323181,18.52916666662327,2017-12-16,F15,0.0385896425767904,0.546566,F152017/F15201712162038.night.OIS.vis.co.tif
tile_089,Raw_NL_Data\bm\tile_089.tif,Raw_NL_Data\dmsp\tile_089.tif,119.63749999988016,29.129166666619035,2012-10-26,F18,0.6327483301295798,1.0,F182012/F18201210261128.night.OIS.vis.co.tif
tile_110,Raw_NL_Data\bm\tile_110.tif,Raw_NL_Data\dmsp\tile_110.tif,73.13749999989878,19.26249999995632,2012-10-05,F18,0.2616226532679857,1.0,F182012/F18201210051400.night.OIS.vis.co.tif
tile_092,Raw_NL_Data\bm\tile_092.tif,Raw_NL_Data\dmsp\tile_092.tif,48.67083333324189,31.329166666618157,2013-10-19,F18,0.1766565695488085,1.0,F182013/F18201310191614.night.OIS.vis.co.tif
tile_105,Raw_NL_Data\bm\tile_105.tif,Raw_NL_Data\dmsp\tile_105.tif,78.10416666656346,9.929166666626713,2016-01-06,F16,0.02139319562321177,1.0,F162016/F16201601062242.night.OIS.vis.co.tif
